"track_guid","artists","remixers","track_name","track_version","release_name","label_name","distributor_name","genre_name","genre_id","chart_name"
"66317b74-8259-46ee-945e-befe1c226185","Folamour, Kio Amachree","Austin Ato","Ivoire feat. Kio Amachree","Austin Ato Remix","Re-Interpretations #1","Classic Music Company","Defected Records (administered by WMG from Q1 2011 on)","Indie Dance / Nu Disco",37,"Staff Picks 2018: Indie Dance/Nu Disco"
"8a53848d-d3d2-45cb-94d0-005c0295d51b","&ME, Adam Port, Jennifer Touch, Rampa","Gerd Janson","Lover Feat. Jennifer Touch","Gerd Janson Remix","You Are Safe Remixes","Keinemusik","Keinemusik","Indie Dance / Nu Disco",37,"Staff Picks 2018: Indie Dance/Nu Disco"
"c8fe20fc-d6bc-45dd-a15f-5a79bfdd6101","Jocelyn Brown, Martha Wash, Todd Terry","Re-Tide","Keep On Jumping","Re-Tide Disco Remix","Keep On Jumping (Re-Tide Disco Remix)","Phoenix Music Inc","Create Music Group","Indie Dance / Nu Disco",37,"Staff Picks 2018: Indie Dance/Nu Disco"
"a5635f17-24b1-40d0-8e19-79a82b7e0d85","Disclosure",NULL,"Love Can Be So Hard","Original Mix","Love Can Be So Hard","Universal-Island Records Ltd.","UMG (Global)","Indie Dance / Nu Disco",37,"Staff Picks 2018: Indie Dance/Nu Disco"
"a0833d1d-6a3f-44f2-82c7-cfb6a19d3363","Younger Rebinds",NULL,"Tim's Symphony","Original Mix","The Sound of Benny EP","Running Back","Wordandsound Medien GmbH","Indie Dance / Nu Disco",37,"Staff Picks 2018: Indie Dance/Nu Disco"
"be744fd1-9db6-4697-8d95-fa89ec51272f","Maars, Maceo Plex",NULL,"Mutant Disco feat. Maars","Original Mix","Mutant 1","Correspondant","!K7 Records GmbH","Indie Dance / Nu Disco",37,"Staff Picks 2018: Indie Dance/Nu Disco"
"3c8ed778-4a9c-40da-bc86-86a9ec9783cc","Doorly",NULL,"Drop The Needle","Original Mix","Nismo's Groove","Reptile Dysfunction","Paradise Entertainment & Distribution GmbH","Indie Dance / Nu Disco",37,"Staff Picks 2018: Indie Dance/Nu Disco"
"bfc75335-8c7d-4318-a0ef-9dd432205005","Soul Clap",NULL,"Moov To Tha Beat","Original Mix","Think Sideways Edits, Vol. 1","Reptile Dysfunction","Paradise Entertainment & Distribution GmbH","Indie Dance / Nu Disco",37,"Staff Picks 2018: Indie Dance/Nu Disco"
"69bbd251-667d-4ff5-bb9e-0c98ea097767","Hot Hot Hawk",NULL,"Bang! Bang! Like Tackleberry","Original Mix","Legendary","Nang","MRC Holdings","Indie Dance / Nu Disco",37,"Staff Picks 2018: Indie Dance/Nu Disco"
"09658b58-e224-47a2-9cfd-3ea11dd32dd6","Purple Disco Machine",NULL,"Dished (Male Stripper)","Extended Mix","Dished (Male Stripper) [Extended Mix]","Club Sweat","Xelon Entertainment","Indie Dance / Nu Disco",37,"Staff Picks 2018: Indie Dance/Nu Disco"
"560dcb39-e729-4411-b22a-66749aa64729","Jimpster",NULL,"Lightshine","Original Mix","Hallo Montag 2018 Part 2","Suol","Suol Music GmbH","Deep House",12,"Staff Picks 2018: Deep House"
"ea5aea17-4592-4338-9992-2470e9f24df5","Local Options",NULL,"Be My Satellite","Original Mix","Let Me Freak","Nite Grooves","Paradise Entertainment & Distribution GmbH","Deep House",12,"Staff Picks 2018: Deep House"
"33ab1660-4f40-4d6f-9cdf-95d02ddc7b87","Saison",NULL,"Moments","Original Mix","Moments","Large Music","Large Music LLC","Deep House",12,"Staff Picks 2018: Deep House"
"87a10fd7-d4d8-4ef1-b5ae-bbce48920813","Ian Pooley",NULL,"Time","Original Mix","Hallo Montag 2018 Part 1","Suol","Suol Music GmbH","Deep House",12,"Staff Picks 2018: Deep House"
"6380c558-ec25-49b4-905d-5418007c41cf","Adryiano",NULL,"Me and You and Her","Original Mix","Me and You and Her EP","Heist Recordings","Wordandsound Medien GmbH","Deep House",12,"Staff Picks 2018: Deep House"
"09f4bbb4-a488-44eb-b478-1cfa75996924","Homero Espinosa, Mark Farina",NULL,"What Ya Saying","Original Mix","What Ya Saying","Large Music","Large Music LLC","Deep House",12,"Staff Picks 2018: Deep House"
"1838dda0-54ca-4bb6-9e74-191a07358632","The Checkup",NULL,"The Movement","Original Mix","The Movement","Heat Up Music","Label Worx","Deep House",12,"Staff Picks 2018: Deep House"
"de9702a6-ba78-477f-be70-2199d052486a","The Revenge",NULL,"Subconcious","Original Mix","Roar Groove meets Dirt Crew Vol. 3","Dirt Crew Recordings","ePM Online","Deep House",12,"Staff Picks 2018: Deep House"
"446547eb-237b-45dc-aa25-fb850de7441f","Folamour","thatmanmonkz","Y'all Right","thatmanmonkz 8 Minutes Of Funk Remix","Re-Interpretations #1","Classic Music Company","Defected Records (administered by WMG from Q1 2011 on)","Deep House",12,"Staff Picks 2018: Deep House"
"2ef3cd03-7e5f-4c4e-bac5-ad8e1fc47ccd","Okain",NULL,"Fifty 9","Original Mix","Reminders, Vol. 1","Talman Records","Music Mail Tontraeger GmbH / Dig Dis","Deep House",12,"Staff Picks 2018: Deep House"
"3cdcd2f9-745f-44d2-a2a5-81dfb1fde9c8","Weiss (UK)",NULL,"Feel My Needs","Original Mix","Feel My Needs","Toolroom","Toolroom Productions Ltd","House",5,"Staff Picks 2018: House"
"563dd121-3256-4d7a-9110-d87211aceed7","Brame & Hamo",NULL,"Roy Keane","Original Mix","Club Orange EP","Brame & Hamo","Wordandsound Medien GmbH","House",5,"Staff Picks 2018: House"
"e1674444-f8d9-47de-a99b-9f4fba343532","Gypsymen, Todd Terry","David Penn","Babarabatiri","David Penn Remix","Babarabatiri (David Penn Remix)","Phoenix Music Inc","Create Music Group","House",5,"Staff Picks 2018: House"
"9ba0eb6e-446e-4ed7-acd3-d359c9599fd9","Ferdinand Weber",NULL,"Back In The Building","Original Mix","Back In The Building","Love & Other","Toolroom Productions Ltd","House",5,"Staff Picks 2018: House"
"20ee504a-3d4b-4ac3-9738-e7f99b3c983d","David Penn, Roog",NULL,"House Thing","48 Hours Mix","Roog, David Penn","Urbana Recordings","Urbana Recordings / Zen Records S.L.","House",5,"Staff Picks 2018: House"
"5164121b-259d-44ea-a3e6-103d8e71d848","Alessio Cala', Angelo Ferreri",NULL,"Around 90's","Original Mix","Around 90's EP","D-Vine Sounds","Label Worx","House",5,"Staff Picks 2018: House"
"7376317c-97ef-4a05-8e1a-f7ab3fbb757a","Mele, Shovell",NULL,"Pasilda","Extended Mix","Mele In The House Sampler","Defected","Defected Records (administered by WMG from Q1 2011 on)","House",5,"Staff Picks 2018: House"
"40c4e324-55f3-4680-a079-36a0814abb3a","Mirko & Meex",NULL,"A Jam","Original Mix","A Jam","MONOSIDE","Label Worx","House",5,"Staff Picks 2018: House"
"0a575aff-9d75-4ba2-bd1e-630958444c02","PEZNT",NULL,"Get Inside","Original Mix","Get Inside / Rotate","Inhouse","GM7, Inc.","House",5,"Staff Picks 2018: House"
"f59ec171-3c34-43ca-b29a-f03be2a7cac8","Lorenz Rhode",NULL,"Belair","Original Mix","Belair EP","Dirt Crew Recordings","ePM Online","House",5,"Staff Picks 2018: House"
"f3c13a52-f082-4541-a94c-2037db970aa2","Dvit Bousa, Rio Dela Duna","The Cube Guys","My Life","The Cube Guys Edit","My Life","Cube Recordings","Cube Recordings","Funky / Groove / Jackin' House",81,"Staff Picks 2018: Funky/Groove/Jackin' House"
"4231928e-6844-47eb-b071-9a948f2f6ce6","Malone, Redondo",NULL,"Hurt Me No More","Extended Mix","Hurt Me No More","SPINNIN' DEEP","Warner Music Group","Funky / Groove / Jackin' House",81,"Staff Picks 2018: Funky/Groove/Jackin' House"
"4e3c7d31-4d08-4714-8fd5-6f3cc5446bd0","Yvvan Back",NULL,"Rhythm In The House","Original Mix","Rhythm In The House","Whore House","Hoxton Music Ltd","Funky / Groove / Jackin' House",81,"Staff Picks 2018: Funky/Groove/Jackin' House"
"a07a5f7d-a64e-4d1a-bc3e-4fa9b1ebe513","Disk Nation",NULL,"Funkastik","Original Mix","Funkastik","Ammo Recordings","Blahzay Media Ltd - former Nocturnal Recordings Label Group","Funky / Groove / Jackin' House",81,"Staff Picks 2018: Funky/Groove/Jackin' House"
"b07f679e-ec4d-4093-a4b1-a84f5e5280a2","StevAxel, The Cube Guys",NULL,"Piaaano","Original Mix","Piaaano","Cube Recordings","Cube Recordings","Funky / Groove / Jackin' House",81,"Staff Picks 2018: Funky/Groove/Jackin' House"
"1c29ea49-22a7-47f8-8850-cfb2e5799dd3","GotSome",NULL,"Mardi Gras","Original Mix","Mardi Gras","Street King","Paradise Entertainment & Distribution GmbH","Funky / Groove / Jackin' House",81,"Staff Picks 2018: Funky/Groove/Jackin' House"
"264eeba0-7193-469d-b33f-0415a1799e46","Dirtydisco, Sweetpower",NULL,"Beat Around","Original Mix","Beat Around","Disco Revenge","Music Mail Tontraeger GmbH / Dig Dis","Funky / Groove / Jackin' House",81,"Staff Picks 2018: Funky/Groove/Jackin' House"
"88a466ce-4946-4ec8-86a2-69b377d80fdc","Dog Collective, Mike Mago",NULL,"Always On My Mind","Extended Mix","Always On My Mind","SPINNIN' RECORDS","Warner Music Group","Funky / Groove / Jackin' House",81,"Staff Picks 2018: Funky/Groove/Jackin' House"
"fafa27c9-b73a-462d-9d69-3e1f76c2e24b","David Tort, Motel Boutique","David Tort","I Forgot To Live","David Tort Extended Club Remix","I Forgot To Live","HoTL Records","Housesession GmbH","Funky / Groove / Jackin' House",81,"Staff Picks 2018: Funky/Groove/Jackin' House"
"d59d55a0-f5e1-4586-9181-a4e378eb8946","Johan S, One Foot In The Grave",NULL,"She Knows","Original Mix","She Knows","Subtractive Recordings","Blahzay Media Ltd - former Nocturnal Recordings Label Group","Funky / Groove / Jackin' House",81,"Staff Picks 2018: Funky/Groove/Jackin' House"
"268738c9-11bb-4495-89d7-2820e76ea168","Armonica","Andhim","Ngeke","Andhim Remix","Ngeke","MoBlack Records","MTN Muting The Noise GmbH","Afro House",89,"Staff Picks 2018: Afro House"
"0ab7e5cf-e6f4-4a59-8567-87983f8d6dba","Hyenah","Enoo Napa","You Made Me Who I Am","Enoo Napa Remix","The Ritual - Remixed","Rise Music","MTN Muting The Noise GmbH","Afro House",89,"Staff Picks 2018: Afro House"
"cd639098-1067-4ea9-9da8-14daed63a484","Gonzo-Gonzo, K.E.E.N.E.","Floyd Lavine","Sand","Floyd Lavine Remix","Sand","Perplex!","Paradise Entertainment & Distribution GmbH","Afro House",89,"Staff Picks 2018: Afro House"
"b6a3efab-9b48-406b-b413-2a064a43534b","Emmanuel Jal","FNX OMAR","Kuar","FNX Omar Remix","Kuar (FNX Omar Remix)","MoBlack Records","MTN Muting The Noise GmbH","Afro House",89,"Staff Picks 2018: Afro House"
"a7ecd6e0-33cc-4219-92a3-efc32a971901","Kyodai",NULL,"Yambu","Original Mix","Yambu EP","Afroterraneo Music","Label Worx","Afro House",89,"Staff Picks 2018: Afro House"
"d2282d4f-03ed-4df8-ad29-ab985b3ae92b","FNX OMAR, Oscar P",NULL,"Filtered African Blues","FNX OMAR Remix","Filtered African Blues","Seres Producoes","Label Worx","Afro House",89,"Staff Picks 2018: Afro House"
"9f65f37c-2ea5-4a12-a649-9b080534c796","DJ Applejac",NULL,"G.A. Tech","Original Mix","The Adinkra EP","Shadeleaf Music","ePM Online","Afro House",89,"Staff Picks 2018: Afro House"
"18a9a715-608b-4426-aed3-c6115d736b5e","Whitesquare",NULL,"Stina","Original Mix","Nella Testa","Freerange Records","PIAS:Digital","Afro House",89,"Staff Picks 2018: Afro House"
"07eadb30-1d3c-4126-9faf-b3c740ec8393","Mr Raoul K, Rancido",NULL,"Tamale (feat. Sona Diabate)","Original Mix","African Paradigm EP 1","Compost","Compost Medien GmbH & Co. KG","Afro House",89,"Staff Picks 2018: Afro House"
"578e08ff-e40b-411e-a19d-45ccd17c287d","Shota","Manoo","Smile","Manoo Vocal Remix","Smile","Tribe Records","Believe SAS","Afro House",89,"Staff Picks 2018: Afro House"
"db174b9f-50ce-4ea7-969c-97dfe47eef9f","Dany B",NULL,"I'm Yours","Original Mix","Gotta Get It EP","Jolly Jams","Wordandsound Medien GmbH","Funk / Soul / Disco",40,"Staff Picks 2018: Funk/Soul/Disco"
"912744cd-7772-4786-805b-9b6a3cbfbe70","Skalp",NULL,"Future Funk","Original Mix","Future Funk","Check It Out Records","Label Worx","Funk / Soul / Disco",40,"Staff Picks 2018: Funk/Soul/Disco"
"505a7165-c5aa-4f47-8e26-11494b81503b","Ray Barretto","DJ Jose Marquez","Indestructible (Dj Jose Marquez Remix)","Original Mix","Hammock House: Santiago Sessions","Fania","The Orchard","Funk / Soul / Disco",40,"Staff Picks 2018: Funk/Soul/Disco"
"3b683983-522c-4890-a4e8-cad2a9c00250","Bunny Sigler","Larry Levan","By the Way You Dance (I Knew It Was You)","Larry Levan Remix; 2017 - Remaster","Dimitri from Paris Presents Salsoul Mastermix","Salsoul Records","Warner Music Group","Funk / Soul / Disco",40,"Staff Picks 2018: Funk/Soul/Disco"
"ba56b879-e736-4f84-99b1-ce8428009925","Charles Feelgood, Felipe Avelar",NULL,"Feelin' Fine","Original Mix","Feelin' Fine","Ammo Recordings","Blahzay Media Ltd - former Nocturnal Recordings Label Group","Funk / Soul / Disco",40,"Staff Picks 2018: Funk/Soul/Disco"
"2e11c3d7-6122-47c1-8bdf-c23bfdaafdd1","Soul of Hex",NULL,"Far beyond the sun","Original Mix","Helipop EP","Quintessentials","Wordandsound Medien GmbH","Funk / Soul / Disco",40,"Staff Picks 2018: Funk/Soul/Disco"
"6d4d4ac7-4d34-4769-b8a8-10dedeb3ec95","Groove Motion",NULL,"You, Foundry","Original Mix","You, Foundry","Solid State Disco","Music Mail Tontraeger GmbH / Dig Dis","Funk / Soul / Disco",40,"Staff Picks 2018: Funk/Soul/Disco"
"8bae4618-c3b6-4e81-a1de-3b380be11fa1","The Souljazz Orchestra",NULL,"Dog eat dog","Original Mix","Under Burning Skies","Strut","!K7 Records GmbH","Funk / Soul / Disco",40,"Staff Picks 2018: Funk/Soul/Disco"
"90166a13-5e06-459c-a471-2d9a402a34e6","Balako",NULL,"Jungle Music","Edit","Jungle Music - EP","Greco-Roman","Believe SAS","Funk / Soul / Disco",40,"Staff Picks 2018: Funk/Soul/Disco"
"7a072793-4640-4979-a25e-db0e3be8e59e","Strakc, Tristan Driesenaar",NULL,"Likwit Esunshine featuring Tristan Driesenaar","Original Mix","Likwit Esunshine","Fremdtunes","ePM Online","Funk / Soul / Disco",40,"Staff Picks 2018: Funk/Soul/Disco"
"8a2f8c31-aabd-4762-b8ae-19e03fc09dc1","Benny L, Shimon",NULL,"Yeti","Original Mix","Yeti","Bassrush Records","Create Music Group","Drum & Bass",1,"Staff Picks 2018: Drum & Bass"
"5deb8a5f-e0df-4f25-9dda-4b9dd2faaa03","Lily Allen, Shy FX, Stamina MC",NULL,"Roll The Dice (feat. Stamina MC & Lily Allen)","Original Mix","Roll The Dice (feat. Stamina MC & Lily Allen)","Cult.ure","Warner Music Group","Drum & Bass",1,"Staff Picks 2018: Drum & Bass"
"22288da4-7260-4e24-8818-ac63110fe2a0","SpectraSoul","Circuits","Organiser","Circuits Rewire","Organiser - Circuits Rewire","Critical Music","Triple Vision Record Distribution","Drum & Bass",1,"Staff Picks 2018: Drum & Bass"
"3625d27a-b21e-44f0-801a-2e5021398fa7","Break",NULL,"Keepin It Raw","Original Mix","Another Way (Album Sampler 1)","Symmetry Recordings","INgrooves (International)","Drum & Bass",1,"Staff Picks 2018: Drum & Bass"
"44f58e26-8d97-424b-b099-d6356b00982c","Severity","Whiney","Broken Hearted","Whiney Remix","Fakeworld","Unchained Recordings","Cygnus Music","Drum & Bass",1,"Staff Picks 2018: Drum & Bass"
"cd5100d5-71ce-45be-bb27-fadfc020f4dc","Bungle",NULL,"Cocooned VIP","Original Mix","Cocooned VIP","ThirtyOne Recordings","Triple Vision Record Distribution","Drum & Bass",1,"Staff Picks 2018: Drum & Bass"
"9cb12b66-8166-4f3b-9a37-8e68c8edefdd","Kings Of The Rollers",NULL,"Hot Wheels","Original Mix","Hot Wheels","Hospital Records","Hospital Records Limited","Drum & Bass",1,"Staff Picks 2018: Drum & Bass"
"333c0374-6a4f-4d94-b197-74e4dac3b031","Current Value",NULL,"Signal Jam","Original Mix","Signal Jam","Blackout Music NL","Triple Vision Record Distribution","Drum & Bass",1,"Staff Picks 2018: Drum & Bass"
"6a4cb8d7-cd62-42af-bd5e-cb74c22dffb3","Aries, Bou, Cheshire Cat, Stivs",NULL,"Dubplate Style","Bou Remix","Jungle Style - Remixes","Born On Road","Cygnus Music","Drum & Bass",1,"Staff Picks 2018: Drum & Bass"
"05e4d689-19b5-420f-b326-0717bb160e95","Chase & Status, Cutty Ranks",NULL,"Retreat2018","Original Mix","Retreat2018 / Heater","Virgin EMI","UMG (Global)","Drum & Bass",1,"Staff Picks 2018: Drum & Bass"
"242b3a55-6fdb-4cce-b86c-f90045ba459b","iamphantvm",NULL,"Trust Me","Original Mix","Trust Me / In My Mind","Yosh Pit","Believe SAS","Garage / Bassline / Grime",86,"Staff Picks 2018: Garage / Bassline / Grime"
"d1b40668-60d5-4d33-9a19-9196d22e100a","Fork and Knife",NULL,"Robotto","Original Mix","Raw Tactics Allstars, Vol. 1","Raw Tactics","Xelon Entertainment","Garage / Bassline / Grime",86,"Staff Picks 2018: Garage / Bassline / Grime"
"ddd908e4-16dc-4cd1-8e51-c896bebafeed","Royal Flush (UK)",NULL,"Hold Me Down","Original Mix","Skin","Downplay","The State51 Conspiracy","Garage / Bassline / Grime",86,"Staff Picks 2018: Garage / Bassline / Grime"
"427bc6bf-ab62-45b1-bf04-1d8f112a65c4","Nonames","Sumgii","Dads and Mums feat. Roachee, Killa P","Sumgii Remix","E Numbers","Tru Thoughts","Believe SAS","Garage / Bassline / Grime",86,"Staff Picks 2018: Garage / Bassline / Grime"
"9b8069de-8cc5-49fa-8b5f-97b42912e4ae","FooR",NULL,"Take It Higher","Original Mix","Take It Higher","YosH","Believe SAS","Garage / Bassline / Grime",86,"Staff Picks 2018: Garage / Bassline / Grime"
"ae512fee-54ab-411e-99a5-f44d59b85a6f","FINEART, Skepsis",NULL,"With U","Original Mix","With U","Maraki Records","Believe SAS","Garage / Bassline / Grime",86,"Staff Picks 2018: Garage / Bassline / Grime"
"9f3dd81d-23c9-4c3e-8a77-7af5a1f03919","Dread MC, Taiki Nulight",NULL,"Iconic","Original Mix","Murky Manor","Night Bass Records","Seed","Garage / Bassline / Grime",86,"Staff Picks 2018: Garage / Bassline / Grime"
"b64859c0-49fb-4f77-b0b0-8ba7652a1311","Ill Blu, Krept & Konan, Loski, ZieZie",NULL,"Chop My Money","DJ Q Remix","Chop My Money (The Remixes)","RCA Records Label","Sony Music Entertainment","Garage / Bassline / Grime",86,"Staff Picks 2018: Garage / Bassline / Grime"
"fcd740da-48c7-4f54-adb0-7659a2f2dd3a","Amber Mark, Dram",NULL,"Put You On","MJ Cole Extended Mix","Put You On","Virgin EMI","UMG (Global)","Garage / Bassline / Grime",86,"Staff Picks 2018: Garage / Bassline / Grime"
"efe28550-c8b4-400b-80f4-50fda756b43b","Famous Eno, Killa P",NULL,"Longtime (feat. Killa P)","Original Mix","Music for Clubs","Swing Ting","Kudos Records Ltd","Garage / Bassline / Grime",86,"Staff Picks 2018: Garage / Bassline / Grime"
"cb91a57c-100e-4319-b390-f818f082c4bc","Amelie Lens",NULL,"Energize","Original Mix","Basiel EP","Lenske","N.E.W.S. N.V.","Techno",6,"Staff Picks 2018: Techno"
"9de86c1f-5205-477f-933c-de49c6ce490c","Adam Beyer, Bart Skils",NULL,"Your Mind","Original Mix","Your Mind","Drumcode","Drumcode / Adam Beyer AB","Techno",6,"Staff Picks 2018: Techno"
"9f5de11d-22a9-47e7-99d2-29479989de55","BEC",NULL,"No Regrets","Original Mix","No Regrets","Second State","GoodToGo GmbH (Groove Attack)","Techno",6,"Staff Picks 2018: Techno"
"6ec2a425-75b9-4166-ad80-b5d9ffc8db35","Joran Van Pol",NULL,"Outsider","Original Mix","Outsider EP","ELEVATE","Label Worx","Techno",6,"Staff Picks 2018: Techno"
"293c6a30-fdec-4689-a1ce-dab60b50732f","Rebekah",NULL,"Enigma","Original Mix","Enigma EP","Soma Records","Soma Records","Techno",6,"Staff Picks 2018: Techno"
"fc3c259c-26e5-476b-baa0-42f3ec30ea12","CIREZ D",NULL,"DARE U","Original Mix","DARE U","Mouseville","Pryda Recordings Limited","Techno",6,"Staff Picks 2018: Techno"
"e4789c6f-52b5-490d-a563-3aa35a92c1ba","ANNA",NULL,"Hidden Beauties","Original Mix","Speicher 101","Kompakt Extra","Kompakt","Techno",6,"Staff Picks 2018: Techno"
"10aae16c-aa1c-4f5b-b295-f0b499576365","Charlotte de Witte",NULL,"Brussels","Original Mix","Brussels EP","novamute","PIAS:Digital","Techno",6,"Staff Picks 2018: Techno"
"fc1c59d9-8951-4e92-a6ba-cc73f0006403","Jay Lumen",NULL,"Asteroid","Original Mix","Asteroid","Footwork","Planet Gong Productions","Techno",6,"Staff Picks 2018: Techno"
"f7f26b85-ccd2-4fd6-aeac-bc4385521270","JX-216",NULL,"Xingu","Original Mix","Xingu / Flux","BEK Audio","ePM Online","Techno",6,"Staff Picks 2018: Techno"
"db9e59b2-1fde-482e-8d0c-38e32b1d17ea","RUFUS DU SOL","Adam Port","Underwater","Adam Port Remix","SOLACE REMIXES VOL. 2","Rose Avenue/Reprise","Warner Music Group","Melodic House & Techno",90,"Staff Picks 2018: Melodic House & Techno"
"2f9906f5-6bc2-4c4c-a043-b2e38c7e217f","Kolsch, Tiga",NULL,"HAL","Original Mix","HAL","IPSO","Kompakt","Melodic House & Techno",90,"Staff Picks 2018: Melodic House & Techno"
"51a941c6-63c7-4651-846e-9e9b1a2a3322","Niko Schwind, Oliver Koletzki","Andhim","Subati","Andhim's Electrica Cucar Remix","Noordhoek Remixed","Stil Vor Talent","Stil Vor Talent","Melodic House & Techno",90,"Staff Picks 2018: Melodic House & Techno"
"32dafb23-36dd-4b97-9db1-b42a4d5fd8a5","Monolink","Tale Of Us","Swallow","Tale Of Us Remix","Swallow (Tale Of Us Remix)","Embassy One","Zebralution GmbH","Melodic House & Techno",90,"Staff Picks 2018: Melodic House & Techno"
"7528a860-6a47-45b5-869c-52b210da3d32","Volen Sentir",NULL,"Arrival","Original Mix","Summer Sampler 2018","All Day I Dream ","Above Board Distribution Limited","Melodic House & Techno",90,"Staff Picks 2018: Melodic House & Techno"
"01039178-030d-4a2e-92a1-1cfa9e1e1fa0","Jon Hopkins","ANNA","Singularity","ANNA Remix","Singularity - ANNA Remix","Domino","Domino Records Recordings Co Ltd","Melodic House & Techno",90,"Staff Picks 2018: Melodic House & Techno"
"e32c5553-0f7f-4a42-bb71-8a777bd62bd7","GHEIST",NULL,"Loewe","Original Mix","Loewe","Mobilee Records","!K7 Records GmbH","Melodic House & Techno",90,"Staff Picks 2018: Melodic House & Techno"
"97530f4d-2b49-4eff-aaca-9d892dfb1379","Agatha Pher",NULL,"Light Shadow","Original Mix","Skinthings","Seven Villas","Kontor New Media GmbH","Melodic House & Techno",90,"Staff Picks 2018: Melodic House & Techno"
"0f1667a4-9894-4ce2-a5be-7e47302e7302","John Monkman, Pete Tong",NULL,"Placebo","Original","Placebo","Beesemyer Music","Above Board Distribution Limited","Melodic House & Techno",90,"Staff Picks 2018: Melodic House & Techno"
"e8741872-c7bb-4986-862e-ef2a3ab19344","Carl Bee",NULL,"Pacer","Original Mix","Pacer","Green","Rejected","Melodic House & Techno",90,"Staff Picks 2018: Melodic House & Techno"
"f168795f-da8b-410f-9d53-86f34b7f1967","TSVI",NULL,"Hossam","Original Mix","Hossam","Nervous Horizon","Kudos Records Ltd","Leftfield Bass",85,"Staff Picks 2018: Leftfield Bass"
"43819fda-254e-4998-9375-a55ca0bb1488","Clara La San, Scratcha DVA","DJ Phil","Pink22 VIP feat. Clara La San","DJ Phil Remix","Take It All / Pink 22 - Remixes","Hyperdub","Cargo Records UK Ltd","Leftfield Bass",85,"Staff Picks 2018: Leftfield Bass"
"4a90803a-ae3b-4691-889c-86b6dd1dd939","Doctor Jeep, Fixate",NULL,"Dorado","Original Mix","Vault of Glass","Bun The Grid","INgrooves (International)","Leftfield Bass",85,"Staff Picks 2018: Leftfield Bass"
"ad5f232d-3117-4ded-be39-1e76ff0b10d6","Fill Spectre, Le Lion",NULL,"Techa","Original Mix","Techa","Southside Dubstar UK","Cygnus Music","Leftfield Bass",85,"Staff Picks 2018: Leftfield Bass"
"208e0d84-5ec4-4b04-9125-3a40d3a49dd0","Citizen Boy, Dapo Tuburna",NULL,"Alala feat. Dapo Tuburna","Original Mix","Alala","Gqom Oh!","Cargo Records UK Ltd","Leftfield Bass",85,"Staff Picks 2018: Leftfield Bass"
"576ee735-5f5b-4427-b7b9-ea7e77f7eae0","Alix Perez, Tsuruda",NULL,"Heat Wave","Original Mix","Heat Wave (feat. Alix Perez)","Courteous Family","Alpha Pup Records","Leftfield Bass",85,"Staff Picks 2018: Leftfield Bass"
"bca75f4c-6582-4a39-a9f2-c6cf7c8249c5","Crookers",NULL,"Briscola","Original Mix","150bpm Emotions EP","Moveltraxx","MN2S Management Ltd.","Leftfield Bass",85,"Staff Picks 2018: Leftfield Bass"
"ce23d182-29a9-40c6-aa14-73674cc664ef","Itoa",NULL,"Turbo Sideman","Original Mix","Ever Orbit","Exit Records","INgrooves (International)","Leftfield Bass",85,"Staff Picks 2018: Leftfield Bass"
"6c9b0594-105a-4638-b422-37ca720321ea","Airhead",NULL,"Clatter","Original Mix","Clatter / Droplit","1-800-DINOSAUR","Above Board Distribution Limited","Leftfield Bass",85,"Staff Picks 2018: Leftfield Bass"
"f48c8033-0ce5-4c95-80aa-7cd8b42e0410","DJ Earl",NULL,"Open Up","Original Mix","Open Up","Moveltraxx","MN2S Management Ltd.","Leftfield Bass",85,"Staff Picks 2018: Leftfield Bass"
"9f0e117f-180f-42b2-968f-2795676843f0","Takeleave",NULL,"Habitat","Original Mix","Inner Sea","Project Mooncircle","GoodToGo GmbH (Groove Attack)","Electronica / Downtempo",3,"Staff Picks 2018: Electronica"
"5ad49911-8fe8-4757-aa80-a2ecad7f8fb2","Brainwaltzera",NULL,"CountDempops","Original Mix","Epi-Log EP","FILM","Wordandsound Medien GmbH","Electronica / Downtempo",3,"Staff Picks 2018: Electronica"
"7b66cd8e-2357-4806-8f2e-25884bccbc95","Fort Romeau, Massimiliano Pagliara",NULL,"Floating Room (feat. Fort Romeau)","Original Mix","Feel Live","Live At Robert Johnson","Kompakt","Electronica / Downtempo",3,"Staff Picks 2018: Electronica"
"c81ab6d9-f95c-43e7-a1e3-c612ae27f12c","Nicolas Savva",NULL,"Shedding Skin feat. Kris Vango","Original Mix","Panacea","NVMPHS","INgrooves (International)","Electronica / Downtempo",3,"Staff Picks 2018: Electronica"
"805bb114-d0a9-4e5a-a7e4-2725a69e4df4","Mattheis",NULL,"Borrolan","Original Mix","Thin Sections","Nous'klaer Audio","ePM / Clone Records","Electronica / Downtempo",3,"Staff Picks 2018: Electronica"
"f18b881b-a090-440c-920b-c14666026e41","Flaty, Wrong Water",NULL,"Chelector feat. Wrong Water","Original Mix","New Suggestions","Gost Zvuk","Triple Vision Record Distribution","Electronica / Downtempo",3,"Staff Picks 2018: Electronica"
"f0f05e96-f800-4b0f-8e02-edba959d7e73","Shit & Shine",NULL,"Bottle Brush","Original Mix","Bad Vibes","Rocket Recordings","Cargo Records UK Ltd","Electronica / Downtempo",3,"Staff Picks 2018: Electronica"
"5815052a-c1d0-4851-9f15-b79dabbca84d","Roman Fluegel",NULL,"Theme I","Original Mix","Themes","ESP Institute","Above Board Distribution Limited","Electronica / Downtempo",3,"Staff Picks 2018: Electronica"
"5d1edca5-8420-4a4c-8682-7df4c679443a","Jlin",NULL,"Blue i","Original Mix","Autobiography (Music from Wayne McGregor's Autobiography)","Planet Mu","Cargo Records UK Ltd","Electronica / Downtempo",3,"Staff Picks 2018: Electronica"
"77dbe116-9902-4395-8670-e7cc6bd69e4e","Tim Hecker",NULL,"In Death Valley","Original Mix","Konoyo","Kranky","The Orchard","Electronica / Downtempo",3,"Staff Picks 2018: Electronica"
"3fb2790b-12c1-4835-bd47-5bbf1dd94ec5","Craig, Klauss","DJ Deep, Traumer","Repeat After Me","DJ Deep & Traumer Free Your Mind Remix","DJ Deep & Traumer Remixes","Planet E Communications","!K7 Records GmbH","Leftfield House & Techno",80,"Staff Picks 2018: Leftfield House & Techno"
"4e15d66d-6c86-427f-a607-dc8bcbc184bb","Pote","Salute","Morph","salute Remix","Morph (salute Remix)","Deviation","Above Board Distribution Limited","Leftfield House & Techno",80,"Staff Picks 2018: Leftfield House & Techno"
"1121c689-8caf-424f-a015-2ceb6cf7179b","Dorisburg, Mathew Jonson, Sebastian Mullaert, Steevio",NULL,"C - Live At Freerotation 2018","Original Mix","Live At Freerotation 2018","Circle Of Live","Above Board Distribution Limited","Leftfield House & Techno",80,"Staff Picks 2018: Leftfield House & Techno"
"f13fe985-ede4-45f0-9678-eaa7208bb291","Valentino Mora",NULL,"Yant Suea","Original Mix","Transmagnetic","Spazio Disponibile","ePM / Clone Records","Leftfield House & Techno",80,"Staff Picks 2018: Leftfield House & Techno"
"e6dcb774-a64d-4c5b-a58b-cbc682647939","Museum",NULL,"Silo","Original Mix","Silo","Will & Ink","Believe SAS","Leftfield House & Techno",80,"Staff Picks 2018: Leftfield House & Techno"
"2ea48fe9-4b6b-4e8e-99b5-f8f244c6832f",214,NULL,"Pattern Rotate","Original Mix","Exit 32","Klakson","ePM / Clone Records","Leftfield House & Techno",80,"Staff Picks 2018: Leftfield House & Techno"
"58f874bd-3362-4be1-a680-54df2b52569b","Parris","Gunnar Wendel","Puro Rosaceaes","KMOS Remix","Puro Rosaceaes","Idle Hands","Kudos Records Ltd","Leftfield House & Techno",80,"Staff Picks 2018: Leftfield House & Techno"
"1f6aec98-1afb-4308-a567-2d6fb5fec39a","Linkwood",NULL,"Fresh Gildans","Original Mix","Fresh Gildans","Firecracker","ePM Online","Leftfield House & Techno",80,"Staff Picks 2018: Leftfield House & Techno"
"e5d99412-eb3a-444f-ae8f-a8445f939b67","STL","Juniper","Haze & Kraze","Juniper Dub 2","The Redubs","Boogie Box Records","Label Worx","Leftfield House & Techno",80,"Staff Picks 2018: Leftfield House & Techno"
"d0ce1331-c344-4a8d-a1c2-9e75d023f89a","Hiver",NULL,"Itrai","Original Mix","10 Years of Jaunt - Sea","Jaunt Records","Kompakt","Leftfield House & Techno",80,"Staff Picks 2018: Leftfield House & Techno"
"68fcf11e-bcac-4261-a462-abd7c3fd2765","Billy Kenny",NULL,"Trippy","Original Mix","The Grind EP","Sola","Toolroom Productions Ltd","Tech House",11,"Staff Picks 2018: Tech House"
"28e3725c-e897-4750-a2b6-5e329ba5abeb","Touchtalk",NULL,"Interlude","Original Mix","Come And Go EP","Audiophile Deep","Create Music Group","Tech House",11,"Staff Picks 2018: Tech House"
"90429c13-5d3d-4abf-beb3-dc94175b9950","Fatboy Slim","CamelPhat","Right Here, Right Now","CamelPhat Remix","Right Here, Right Now (CamelPhat Remix)","Toolroom","Toolroom Productions Ltd","Tech House",11,"Staff Picks 2018: Tech House"
"cfcc12ac-743a-416b-9d80-1daa013ba0df","Dale Howard","Eli Brown","Alfagarth","Eli Brown Remix","Alfagarth EP","ElRow Music","Label Worx","Tech House",11,"Staff Picks 2018: Tech House"
"fa92182b-6df4-4f02-9d11-7fcf82ad018c","George Marshman",NULL,"El Funko","Original Mix","Never Stop EP","Solid Grooves Raw","Label Worx","Tech House",11,"Staff Picks 2018: Tech House"
"4a82f0c2-d8fc-4a5c-9c4e-534dbf2fcf50","Christian Burkhardt",NULL,"Hola","Original Mix","Muna Musik 007","Muna Musik","The Orchard","Tech House",11,"Staff Picks 2018: Tech House"
"7e0cafb2-ec41-499e-a6e8-5c76970246d6","Green Velvet, Prok & Fitch",NULL,"Luv Dancin","Original Mix","Luv Dancin EP","Relief","Cajual Records / Relief Records","Tech House",11,"Staff Picks 2018: Tech House"
"6a1413b6-9df2-45b3-9e25-9a61fc71cd60","atish","Dance Spirit","Peculiar Colors","Dance Spirit Remix","Visceral 060 Past Forward V","Visceral","Proton LLC","Tech House",11,"Staff Picks 2018: Tech House"
"1352e50d-9191-4785-b5eb-75bbb6cc26ed","Lux Groove",NULL,"Setup","Original Mix","Setup","Psycho Disco!","Seed","Tech House",11,"Staff Picks 2018: Tech House"
"bf800749-7b3d-4e18-80c1-dec91523fe90","Michael Bibi",NULL,"Wet Glue","Original Mix","Youth Culture EP","Solid Grooves Raw","Label Worx","Tech House",11,"Staff Picks 2018: Tech House"
"09c2b8e8-7120-4093-bbe7-a7cb9bdbb161","What So Not","Yvng Jalapeño","Beautiful Feat. Winona Oak","Yvng Jalapeño Remix","Not All the Beautiful Things (Remixes)","Sweat It Out","Xelon Entertainment","Trap / Future Bass",87,"Staff Picks 2018: Trap / Future Bass"
"bdd2ef9e-64e1-47e6-8da5-d890fae2b893","TroyBoi",NULL,"Reload Dat","Original Mix","V!BEZ, Vol. 2","Mad Decent","Mad Decent Protocol LLC","Trap / Future Bass",87,"Staff Picks 2018: Trap / Future Bass"
"04e80642-084c-4cb6-9462-ce8f4dff254a","Axel Leon, DJ Sliink",NULL,"OMG","Original Mix","OMG","Alma Mater Records","Seed","Trap / Future Bass",87,"Staff Picks 2018: Trap / Future Bass"
"cc87a1a1-92f8-4275-943b-5d6998f2b8ac","MEMBA, Wide Awake, XO Man",NULL,"Vexed feat. Xo Man","Extended Mix","Vexed","Musical Freedom","Warner Music Group","Trap / Future Bass",87,"Staff Picks 2018: Trap / Future Bass"
"c14c6b5a-ba6f-4118-b2d8-fbe129178984","Rome in Silver",NULL,"I'm Gone","Original Mix","Spirituality","Quality Goods Records","INgrooves","Trap / Future Bass",87,"Staff Picks 2018: Trap / Future Bass"
"9d1280a5-1466-4803-bc73-4f040c30845c","Nitti Gritti",NULL,"Money","Original Mix","Drive","Mad Decent","Mad Decent Protocol LLC","Trap / Future Bass",87,"Staff Picks 2018: Trap / Future Bass"
"b185a921-73f0-43d1-971a-a9cf5bc9e0a6","BadKlaat",NULL,"No Joke","Original Mix","Campers / No Joke","Never Say Die Records","Independent IP B.V. [d/b/a/ FUGA]","Trap / Future Bass",87,"Staff Picks 2018: Trap / Future Bass"
"504476c2-e1ac-4a75-993e-4b8000812148","Keys N Krates, Tory Lanez","TroyBoi","Music To My Ears (feat. Tory Lanez)","TroyBoi Remix","Cura - The Remixes","Dim Mak Records","Dim Mak, Inc.","Trap / Future Bass",87,"Staff Picks 2018: Trap / Future Bass"
"fafacd97-d84d-4beb-b194-6b7c13b45fd3","Say My Name",NULL,"Burn","Original Mix","Burn","Premiere Classe","Independent IP B.V. [d/b/a/ FUGA]","Trap / Future Bass",87,"Staff Picks 2018: Trap / Future Bass"
"d649f684-704d-4069-a2f5-3faa04be4329","Eliminate, Flux Pavilion",NULL,"Party Starter","Original Mix","Party Starter","Circus","RealPlayaz Limited","Trap / Future Bass",87,"Staff Picks 2018: Trap / Future Bass"
"a7b830e9-e51a-406f-8f31-9a6dade139b0","Wolfgang Gartner",NULL,"Deja Vu","Original Mix","Deja Vu","ALT Vision Records","UMG (Global)","Electro House",17,"Staff Picks 2018: Electro House"
"79879894-7589-48ef-a7da-e416c8a842c2","Carla Monroe, SLATIN","Cosmo & Skoro, SputniQ","Apple Juice (feat. Carla Monroe)","Cosmo & Skoro x Sputniq Remix","Apple Juice (feat. Carla Monroe)","Big Beat Records","Warner Music Group","Electro House",17,"Staff Picks 2018: Electro House"
"f657c90a-b0e8-40e9-b2a5-58860de2b8bf","Flatmate, Jay Dunham",NULL,"Whistle","Original Mix","Whistle","DOPE SQVAD","Label Worx","Electro House",17,"Staff Picks 2018: Electro House"
"dda9fe41-4045-421d-b87d-fb75b4d54acb","Loopers",NULL,"I'm Heavy","Original Mix","I'm Heavy","STMPD RCRDS","Independent IP B.V. [d/b/a/ FUGA]","Electro House",17,"Staff Picks 2018: Electro House"
"70d9d747-bd15-4315-84fc-4f13fc502ecd","Vivid",NULL,"Woh","Extended Mix","Woh","Playbox","Kontor New Media GmbH","Electro House",17,"Staff Picks 2018: Electro House"
"88fe6977-3c8c-4ecf-84b1-aa85c0102c41","Boxnoster",NULL,"Retro Monster","Original Mix","Retro Monster","Plasma.Digital","Plasmapool","Electro House",17,"Staff Picks 2018: Electro House"
"96e8974e-8614-44a7-bf98-f699e939b653","Magnificence",NULL,"Closer","Original Mix","Closer","STMPD RCRDS","Independent IP B.V. [d/b/a/ FUGA]","Electro House",17,"Staff Picks 2018: Electro House"
"ff48c666-f891-4ca8-9ea0-90780cfe4e55","Alex De Los Reyes",NULL,"Wanna Be With Me","Original Mix","Wanna Be With Me","Big Fish Recordings","Create Music Group","Electro House",17,"Staff Picks 2018: Electro House"
"f404a86f-6ff5-4e72-b5a5-cf651bbf2168","Black Tiger Sex Machine",NULL,"War","Original Mix","New Worlds","Kannibalen Records","Create Music Group","Electro House",17,"Staff Picks 2018: Electro House"
"a66c3124-7f42-483d-83ef-093149a98f72","Orjan Nilsen",NULL,"Craziness","Extended Mix","Craziness","In My Opinion (Armada)","Armada Music B.V.","Electro House",17,"Staff Picks 2018: Electro House"
"f2215dd9-dc4c-46c5-85af-48340248eca3","Calvo, TAI",NULL,"Sky Racer","Original Mix","Sky Racer","Armada Trice","Armada Music B.V.","Future House",65,"Staff Picks 2018: Future House"
"9e3b5ca8-f6de-4835-b236-4bf76da55107","Dirtyloud",NULL,"That Rush","Original Mix","That Rush","Vicious","Vicious Recordings Pty Ltd","Future House",65,"Staff Picks 2018: Future House"
"21348e26-ab80-48dd-854b-24fbcdff8351","Justin Prime",NULL,"Forever","Extended Mix","Forever","Armada Trice","Armada Music B.V.","Future House",65,"Staff Picks 2018: Future House"
"773d7d37-32f6-40d9-9109-39232df6bdbe","Michael Calfan",NULL,"On You","Club Mix","On You","Warner Bros. Records","Warner Music Group","Future House",65,"Staff Picks 2018: Future House"
"8fea0e11-fb75-4877-924c-d97884f7f06d","Selecta",NULL,"I Can't Wait","Original Mix","I Can't Wait","Mixmash Deep","Mixmash Records BV. (contract under: ChopChop Records)","Future House",65,"Staff Picks 2018: Future House"
"b618fa3a-abb7-4128-bf70-d4240e6968de","Future Class",NULL,"Every Second","Club Mix","Every Second","Up Club Records","Symphonic Distribution, Inc.","Future House",65,"Staff Picks 2018: Future House"
"fb1923b7-3da4-4699-bdad-4b359531943a","Niko The Kid, Tia Simone",NULL,"Thinkin' Bout You (feat. Tia Simone)","Extended Club Mix","Thinkin' Bout You (feat. Tia Simone)","Dim Mak Records","Dim Mak, Inc.","Future House",65,"Staff Picks 2018: Future House"
"51cd3885-dbef-49e3-bf1a-f3f84394f068","Carta",NULL,"Double Cup","Extended Mix","Double Cup","Darklight Recordings","Armada Music B.V.","Future House",65,"Staff Picks 2018: Future House"
"99666aae-472f-4c43-98c8-dd260f5ffbea","Firebeatz","Laidback Luke","Ignite","Laidback Luke Remix","Ignite Recordings - Miami EP 2018","Ignite Recordings","Armada Music B.V.","Future House",65,"Staff Picks 2018: Future House"
"8e8f9a5a-65dd-41be-b864-78fd4e683cb4","Jay Hardway",NULL,"Coffee Please","Extended Mix","Coffee Please","SPINNIN' RECORDS","Warner Music Group","Future House",65,"Staff Picks 2018: Future House"
"21de454c-6bac-4208-984c-f8ede43e11fd","Bobina, Denise Rivera","Vigel","Siente feat. Denise Rivera","Vigel Extended Remix","Siente","Magik Muzik","Black Hole Recordings B.V.","Big Room",79,"Staff Picks 2018: Big Room"
"4d388368-13a0-4418-b354-6b32b425d853","Jewelz & Sparks, SICK INDIVIDUALS",NULL,"Reaction","Extended Mix","Reaction","Revealed Recordings","Independent IP B.V. [d/b/a/ FUGA]","Big Room",79,"Staff Picks 2018: Big Room"
"432be9a3-6303-4c32-9074-a48a6af37f48","Matluck, Nicky Romero, Stadiumx",NULL,"Rise (ft. Matluck) feat. Matluck","Extended Mix","Rise (ft. Matluck)","Protocol Recordings","Protocol Recordings BV","Big Room",79,"Staff Picks 2018: Big Room"
"b84eb30a-23bc-4fef-bcbe-7b3d74137770","John Christian",NULL,"The Trip","Extended Mix","The Trip","Armind (Armada)","Armada Music B.V.","Big Room",79,"Staff Picks 2018: Big Room"
"1109bee8-7ce5-4a09-81aa-fcedde9aeaa1","Black Coffee, David Guetta, Delilah Montagu","David Guetta","Drive feat. Delilah Montagu","David Guetta Remix","Drive - Remixes","Ultra","Ultra Records, Inc.","Big Room",79,"Staff Picks 2018: Big Room"
"14b542bd-c2ae-4cbb-99f0-d1576e3d678e","Dave202",NULL,"Katame","Acid Never Dies Remix","Katame (Acid Never Dies Edit)","S2 Records","Kontor New Media GmbH","Big Room",79,"Staff Picks 2018: Big Room"
"55753006-dbc0-4bd8-b5c9-bec398ca06a8","Cuebrick, Jochen Miller",NULL,"With You","Extended Mix","With You","Maxximize","Warner Music Group","Big Room",79,"Staff Picks 2018: Big Room"
"192341c6-6b70-4c2a-9ce2-5b3371e2872c","Rivero",NULL,"Down Dirty","Extended Mix","Down Dirty","Revealed Recordings","Independent IP B.V. [d/b/a/ FUGA]","Big Room",79,"Staff Picks 2018: Big Room"
"6bcb0ad1-e99e-47b0-882e-a72b50d52a1e","Cole Smith, Paul Bingham",NULL,"So Sick! feat Cole Smith","Original Mix","So Sick! feat Cole Smith","Peak Hour Music","Create Music Group","Big Room",79,"Staff Picks 2018: Big Room"
"c3b353a3-870b-43ae-8334-ed5dc029c7d2","Lost Frequencies, Zonderling","Dash Berlin","Crazy","Dash Berlin Extended Remix","Crazy - Dash Berlin Remix","Found Frequencies","Armada Music B.V.","Big Room",79,"Staff Picks 2018: Big Room"
"a1d9bfd1-bf37-48a9-84dc-8e4a5594e12f","Alessandro Diruggiero, Rone White",NULL,"Le Beat","Original Mix","Le Beat","Haliaeetus Music","Create Music Group","Minimal / Deep Tech",14,"Staff Picks 2018: Minimal / Deep Tech"
"2833e527-5a8e-409b-bc1c-b795af5be574","Bizen Lopez, Boy.An",NULL,"From The Bright Side","Original Mix","From The Bright Side","Low Groove Records","Label Worx","Minimal / Deep Tech",14,"Staff Picks 2018: Minimal / Deep Tech"
"d909ac41-1b52-4a12-8a8a-30d483419b35","Entoniu & Agape","Simone Tagliabue","The Big Bed","Simone Tagliabue Rework","The Big Bed","P.U.N.C.H.I.S. Records","Create Music Group","Minimal / Deep Tech",14,"Staff Picks 2018: Minimal / Deep Tech"
"c0192852-551d-4a1e-8ea3-59a32fdfbc4f","Joe Red",NULL,"Una Palabra","Original Mix","Una Palabra","Kassette Music","Click-On Music Publishing Spain S.L.","Minimal / Deep Tech",14,"Staff Picks 2018: Minimal / Deep Tech"
"5efb543f-9d58-4a73-84cd-b725a18f4045","Roar",NULL,"Place Saint-Michel","Original Mix","Erom Eno EP","Amam","AMAM Alessio Mereu Audio Music","Minimal / Deep Tech",14,"Staff Picks 2018: Minimal / Deep Tech"
"badba35a-189a-49f4-9fe9-6ab7c54d3c38","Denis Skok","F.eht","Rovno","F.eht Remix","Rovno","Samani","Create Music Group","Minimal / Deep Tech",14,"Staff Picks 2018: Minimal / Deep Tech"
"ba893d20-c8c1-4b33-a030-b08efa6b2a4d","Tete Hz, YRM",NULL,"La Pasadena","Original Mix","La Pasadena","Low Groove Records","Label Worx","Minimal / Deep Tech",14,"Staff Picks 2018: Minimal / Deep Tech"
"7820041e-7475-4950-b090-22490681de45","Mauro Diaz",NULL,"Inferiority Complex","Original Mix","The Age EP","Inregistrari Interplanetare","Create Music Group","Minimal / Deep Tech",14,"Staff Picks 2018: Minimal / Deep Tech"
"f31b8b4e-a1bc-4f54-8480-d12c5678db06","Cosmin Horatiu",NULL,"So Rude","Original Mix","So Rude","DPE","Sound4Group - Kucs SNC","Minimal / Deep Tech",14,"Staff Picks 2018: Minimal / Deep Tech"
"ca7e5ad2-dd8f-43b3-9147-59afbe9d17fb","Subf",NULL,"Slowly","Original Mix","Roots EP","Real Rhythm","Create Music Group","Minimal / Deep Tech",14,"Staff Picks 2018: Minimal / Deep Tech"
"63002693-d7cf-4cd4-9e4c-cbe5705bd12f","Skrillex, Travis Scott",NULL,"SICKO MODE","Skrillex Remix","SICKO MODE","Epic/Grand Hustle/Cactus Jack","Sony Music Entertainment","Hip-Hop / R&B",38,"Staff Picks 2018: Hip-hop"
"6ee65a97-5838-46b9-9013-953157c5b6fa","Dabbla",NULL,"F.U.T.D","Original Mix","F.U.T.D","Potent Funk","Believe SAS","Hip-Hop / R&B",38,"Staff Picks 2018: Hip-hop"
"1a95df80-4ed7-448d-aafb-ff3ebd57231a","Anderson .Paak",NULL,"Bubblin","Original Mix","Bubblin","Aftermath/12 Tone Music, LLC","Warner Music Group","Hip-Hop / R&B",38,"Staff Picks 2018: Hip-hop"
"a3b9dc0b-ef60-4db1-afa1-45f34dab9948","Lady Leshurr",NULL,"OMW","Original Mix","OMW","RCA Records Label","Sony Music Entertainment","Hip-Hop / R&B",38,"Staff Picks 2018: Hip-hop"
"a5992766-0486-4971-9ca1-7982a72fef5c","slowthai",NULL,"Slow Down (Santa)","Original Mix","RUNT","Method","UMG (Global)","Hip-Hop / R&B",38,"Staff Picks 2018: Hip-hop"
"ea1310b7-0569-4a72-82d7-1ce31056df40","Carnage, lil pump",NULL,"i Shyne","Original Mix","Battered Bruised & Bloody","BMG Rights Management (US) LLC","Warner Music Group","Hip-Hop / R&B",38,"Staff Picks 2018: Hip-hop"
"3d82cce1-cb6a-467d-9c43-c5932db2b8f1","Tyler, The Creator",NULL,435,"Original Mix",435,"Columbia (Sony)","Sony Music Entertainment","Hip-Hop / R&B",38,"Staff Picks 2018: Hip-hop"
"39eaf2a8-8909-449e-b4d0-8f519fe5813e","AJ Tracey",NULL,"Doing It","Original Mix","Doing It","AJ Tracey","Warner Music Group","Hip-Hop / R&B",38,"Staff Picks 2018: Hip-hop"
"55015f2c-06a6-4f62-9227-0d4acc580913","Roots Manuva, Seanie T",NULL,"Warning","Original Mix","Warning (feat. Roots Manuva)","Nice Up!","Kudos Records Ltd","Hip-Hop / R&B",38,"Staff Picks 2018: Hip-hop"
"8b890808-023c-4836-9823-77422063a9ba","Samm Henshaw, Wretch 32",NULL,"Doubt","Original Mix","Doubt","Columbia (Sony)","Sony Music Entertainment","Hip-Hop / R&B",38,"Staff Picks 2018: Hip-hop"
"75a11292-eb73-40d2-89bb-27b0fc115e14","Jam El Mar",NULL,"Spectral Semblance","Extended Mix","Spectral Semblance","Coldharbour Recordings","Black Hole Recordings B.V.","Trance",7,"Staff Picks 2018: Trance"
"f7c92f6b-db77-42f4-a6d1-6ab33ae770f8","Terra Ferma","Charlie Walker, Scott Bond","The Adventures Of...","Scott Bond & Charlie Walker Rebooted Mix","The Adventures of...","Pure Trance NEON","Black Hole Recordings B.V.","Trance",7,"Staff Picks 2018: Trance"
"2b9fe270-c166-4446-85b9-73dfbf5b87f1","Stoneface & Terminal",NULL,"Berlin 2000","Extended Mix","Berlin 2000","FSOE Clandestine","Label Worx","Trance",7,"Staff Picks 2018: Trance"
"c6f40bd0-b087-40ab-9b6f-437e86969994","Daniel Ortgiess",NULL,"Rumspringa","Extended Mix","Rumspringa","Flashover Recordings","Black Hole Recordings B.V.","Trance",7,"Staff Picks 2018: Trance"
"3d8c7b99-b643-4d04-b83b-6af304c48564","B.B.E.","Yotto","Seven Days And One Week","Yotto Extended Mix","Seven Days And One Week","Positiva","UMG (Global)","Trance",7,"Staff Picks 2018: Trance"
"87519087-32e0-482d-b71b-7acad8c4ccd5","Kyau & Albert",NULL,"Tube Hearts","Original Mix","Tube Hearts","Anjunabeats","Anjunabeats - Involved Productions","Trance",7,"Staff Picks 2018: Trance"
"3b48580f-ff8e-43cd-b3ce-0a007da07b72","Alex Di Stefano",NULL,"Elevator","Extended Mix","Elevator","VII","Black Hole Recordings B.V.","Trance",7,"Staff Picks 2018: Trance"
"f3446e18-9611-4b6d-90ef-1ec54ed74a36","Hidden Nature",NULL,"New Resonance","Original Mix","New Resonance","Afterglow","Afterglow Records","Trance",7,"Staff Picks 2018: Trance"
"3009da0e-166f-41c5-955e-00c720db26e8","Ferry Corsten, Jordan Suckley",NULL,"Rosetta","Extended Mix","Rosetta","Flashover Recordings","Black Hole Recordings B.V.","Trance",7,"Staff Picks 2018: Trance"
"f6bd3d4f-4f36-43b6-83a8-d8c9160d4a7e","Splinta","Rising Altitude","Shock Therapy","Rising Altitude Extended Mix","Shock Therapy","Reaching Altitude","Armada Music B.V.","Trance",7,"Staff Picks 2018: Trance"
"480558ab-5643-45ac-a860-145d78c94062","Arrab, Black 8",NULL,"Sandwaves","Original Mix","Sandwaves","The Soundgarden","Blahzay Media Ltd - former Nocturnal Recordings Label Group","Progressive House",15,"Staff Picks 2018: Progressive House"
"d6e24513-3475-403d-8d9f-5043e9e88f1b","EdOne","Quivver","Bipolar","Quivver Remix","Bipolar EP","Selador","Blahzay Media Ltd - former Nocturnal Recordings Label Group","Progressive House",15,"Staff Picks 2018: Progressive House"
"4322b2d5-b657-4220-a47b-da3f7f9538ee","Wally Lopez","Betoko","La Dorada","Betoko Remix","La Dorada - Part I","Eleatics Records","Sex Panda Agency","Progressive House",15,"Staff Picks 2018: Progressive House"
"1d8fd110-9b05-4576-add7-935fd6df33df","Cid Inc.",NULL,"Fear and Square","Original Mix","Bird Cherry","Replug","Proton LLC","Progressive House",15,"Staff Picks 2018: Progressive House"
"4e2bb19e-82d4-45ca-990e-f57e387b56c0","Alastor, Rue",NULL,"Contact","Original Mix","Contact","Songspire Records","Black Hole Recordings B.V.","Progressive House",15,"Staff Picks 2018: Progressive House"
"9ea0a9f1-0b15-47bd-afe0-a56f876e2e6a","Dousk",NULL,"Psychobabble","Original Mix","Psychobabble","Beat Boutique","Asymmetric Recordings","Progressive House",15,"Staff Picks 2018: Progressive House"
"cb30a76d-6dd9-44eb-bdc7-081044f94e5d","Monkey Safari",NULL,"Obscura","Original Mix","Obscura EP","Bedrock Records","Bedrock Records","Progressive House",15,"Staff Picks 2018: Progressive House"
"a7320c1e-b5a2-4988-9507-e138b001f79f","Luzon","Sharam","Manila Sunrise","Sharam Remix","Manila Sunrise Remixes","Yoshitoshi Recordings","Label Worx","Progressive House",15,"Staff Picks 2018: Progressive House"
"cb411f99-cedc-461d-89a3-9750749efe04","Kamilo Sanclemente",NULL,"Alma","Original Mix","Alma","Droid9","Proton LLC","Progressive House",15,"Staff Picks 2018: Progressive House"
"ae0d6312-5290-4d06-a175-ba97179cb8f2","Plastic Angel","Wellenrausch","Distorted Reality","Wellenrausch 2018 Tribute Mix","Distorted Reality - Wellenrausch 2018 Tribute Mix","Afterglow","Afterglow Records","Progressive House",15,"Staff Picks 2018: Progressive House"
"eac268c0-8283-44ed-ac4f-75f84b691152","Avalon, Mad Tribe",NULL,"World of Tomorrow","Original Mix","World of Tomorrow","Dreamstate","Create Music Group","Psy-Trance",13,"Staff Picks 2018: Psy-Trance"
"4ac6f5bd-b67c-4ec9-8f9d-5c2847baafe6","Volcano",NULL,"Power Effect","Original Mix","Power Effect","Sacred Technology","INgrooves (International)","Psy-Trance",13,"Staff Picks 2018: Psy-Trance"
"aa768caa-3d03-4bd8-b788-169a1ff07fec","Dragonbboyz",NULL,"Distroy Everything","Original Mix","Electric Dreams","Eclipse Records","Label Worx","Psy-Trance",13,"Staff Picks 2018: Psy-Trance"
"15260da3-0549-4185-9055-b449b9ba115e","Omsphere",NULL,"Just a Plastic Bottle","Original mix","Just a Plastic Bottle","Free-Spirit Records","Amp Suite Limited","Psy-Trance",13,"Staff Picks 2018: Psy-Trance"
"aeba4850-0497-4866-a1b3-1135f1ec612d","Beatman, Ludmilla",NULL,"Dune","Extended Mix","Dune","Skullduggery","Black Hole Recordings B.V.","Psy-Trance",13,"Staff Picks 2018: Psy-Trance"
"4f9e6ad4-6643-4811-aad3-e145518b7dc5","Quadrasonic",NULL,"All Around You","Stereo Mix","All Around You (Stereo Mix)","24/7 Records","Label Worx","Psy-Trance",13,"Staff Picks 2018: Psy-Trance"
"3b9dc6ed-9ea0-4444-8be9-7a142c374d0e","Tabula Rasa (Psy)",NULL,"Alien Talk","Original Mix","Trip Report #01","Iono Music","Amp Suite Limited","Psy-Trance",13,"Staff Picks 2018: Psy-Trance"
"e4664f3b-a628-4d78-ad7a-4b5a4e911a40","Aerospace",NULL,"Where Are All the Aliens?","Original Mix","Where Are All the Aliens?","Digital Nature Records","INgrooves","Psy-Trance",13,"Staff Picks 2018: Psy-Trance"
"3163e87e-9bcb-4dea-ab7b-66ccadbd0c17","Symphonix",NULL,"Distorted Silence","Original Mix","Distorted Silence","Blue Tunes Records","INgrooves","Psy-Trance",13,"Staff Picks 2018: Psy-Trance"
"feb8dfd3-4721-4607-a1c6-d369684e4a78","Synthaya",NULL,"Realistic","Original Mix","Realistic","Expo Records","Label Worx","Psy-Trance",13,"Staff Picks 2018: Psy-Trance"
"61058fbb-2b24-4608-be67-1048cf42de2a","Jeff Kush, YOOKIE",NULL,"Bassquake feat. Jeff Kush","Original Mix","Bassquake","Kannibalen Records","Create Music Group","Dubstep",18,"Staff Picks 2018: Dubstep"
"d453c8f8-98d1-4cbc-b1cb-d7001f47b417","Zomboy",NULL,"Hide N' Seek","Original Mix","Hide N' Seek","Never Say Die Records","Independent IP B.V. [d/b/a/ FUGA]","Dubstep",18,"Staff Picks 2018: Dubstep"
"d02803c8-7f1c-484b-93e2-86a5359ad2bc","12th Planet",NULL,"Swamplex Terrestrial","Original Mix","Swamplex Terrestrial EP","Disciple","Create Music Group","Dubstep",18,"Staff Picks 2018: Dubstep"
"8c2e7753-ba57-4636-8987-4bfdddf5a36d","Niveau Zero, Zblu",NULL,"One Shot","Original Mix","One Shot","Raw Audio Distortion","Believe SAS","Dubstep",18,"Staff Picks 2018: Dubstep"
"d20befc3-5d91-426e-8920-f90674d5bbe8","1000volts, Jayceeoh, Redman, Zeds Dead","DMVU","KIll Em","DMVU Remix","Kill Em","Deadbeats","UMG (Global)","Dubstep",18,"Staff Picks 2018: Dubstep"
"f95ba0cb-c6f7-4442-a1b1-610cb79a7f4a","Deadite, Substance UK",NULL,"Roll Out","Original","Roll Out","Impossible Records","Symphonic Distribution, Inc.","Dubstep",18,"Staff Picks 2018: Dubstep"
"29d8e8be-c80a-415f-98a1-f0480696ddca","BadKlaat",NULL,"Campers","Original Mix","Campers / No Joke","Never Say Die Records","Independent IP B.V. [d/b/a/ FUGA]","Dubstep",18,"Staff Picks 2018: Dubstep"
"7e1d6933-5de1-404e-a627-c864717c6d5c","Dirt Monkey, SubDocta",NULL,"West Coast Wobble","Original Mix","West Coast Wobble","SubCarbon Records","Symphonic Distribution, Inc.","Dubstep",18,"Staff Picks 2018: Dubstep"
"84386b38-3187-4f66-8558-0f3d5753de32","Oolacile",NULL,"Slice","Original Mix","Zweihander EP","Disciple","Create Music Group","Dubstep",18,"Staff Picks 2018: Dubstep"
"6afaae16-ef1d-403b-a557-833ccc9014ea","Barely Alive","MVRDA","Odyssey","MVRDA Remix","Odyssey (MVRDA Remix)","Disciple","Create Music Group","Dubstep",18,"Staff Picks 2018: Dubstep"
"8222ef88-7a56-4b5b-b2c5-f821fd1403ba","Huda Hudia",NULL,"Bum Bananas!","Original Mix","Bum Bananas!","Kaleidoscope Music","Kaleidoscope Music","Breaks",9,"Staff Picks 2018: Breaks"
"9925d382-9fa6-4fc4-82dd-027faf4544b9","DJ Bross",NULL,"Murder Sound","Original Mix","Murder Sound","Funktasty Crew Records","Symphonic Distribution, Inc.","Breaks",9,"Staff Picks 2018: Breaks"
"91b9e82d-4c94-4e36-949f-d050b70487b2","DJ Fixx",NULL,"So Tight","Original Mix","So Tight","Ravesta Records","Jamvana","Breaks",9,"Staff Picks 2018: Breaks"
"b171e238-21e2-48bd-affe-c8fa67664f2d","Firestar Soundsystem",NULL,"Wide Awake","Original Mix","Wide Awake EP","Ravesta Records","Jamvana","Breaks",9,"Staff Picks 2018: Breaks"
"293105ba-9caf-48bf-a204-659d0931b361","B-Phreak",NULL,"Burning Up","Original Mix","Burning Up / Talk","Instant Vibes","Idol - Independent Distribution On Line","Breaks",9,"Staff Picks 2018: Breaks"
"4d8ec139-7770-461e-8761-803bcfe326cd","Ondamike",NULL,"Check This Out","Original Mix","Get It On EP","Ravesta Records","Jamvana","Breaks",9,"Staff Picks 2018: Breaks"
"e6294ee4-8f56-4769-9742-bf044d28b3e3","Suga7",NULL,"What People Say","Original Mix","What People Say","Wasted","Symphonic Distribution, Inc.","Breaks",9,"Staff Picks 2018: Breaks"
"d1cfa97f-d32d-423d-9c1d-733a4b2202a9","DJ Fixx",NULL,"NBD","Original Mix","NBD","Ravesta Records","Jamvana","Breaks",9,"Staff Picks 2018: Breaks"
"f8358b23-1b77-40b6-9884-bc02e1d6e5af","Austin Digo, Jahmaikl",NULL,"Ah Yah Yah","Original Mix","Ah Yah Yah","Elektroshok Records","Label Worx","Breaks",9,"Staff Picks 2018: Breaks"
"48b5179c-1163-446d-9229-a17a31841188","Cutty Ranks, Marvellous Cain","Angel, Martin Flex, Rubi Dan","The HitMan","Martin Flex & Angel ft. Rubi Dan Remix","The HitMan","Let's Go! Recordings","Label Worx","Breaks",9,"Staff Picks 2018: Breaks"
